model,year,evaluated_matches,result_accuracy,result_log_loss,result_brier,score_log_loss,goals_a_mae,goals_b_mae,total_goals_mae
poisson_hybrid_v2_total_dc_tail,2022,64,0.53125,0.9970227392365485,0.5834870394682447,2.926224073910099,1.04429382151111,0.8439091606990418,1.4679534992611456
poisson_hybrid_v2_total_dc_tail,2026,12,0.5,1.0415781134440072,0.6428315737666171,3.1031308087050067,1.270542498581315,0.6849947192343879,1.5375869800109996
