model,year,evaluated_matches,result_accuracy,result_log_loss,result_brier,score_log_loss,goals_a_mae,goals_b_mae,total_goals_mae
baseline_market_1x2,2022,64,0.53125,0.998423930252544,0.5835708079860928,NA,NA,NA,NA
poisson_hybrid_odds_ratings,2022,64,0.53125,0.9966012257950302,0.5823633270396134,2.9430983101252695,1.0466013871498714,0.8373441203502549,1.4531663126952454
poisson_hybrid_v2_total_dc_tail,2022,64,0.53125,0.9970227392365485,0.5834870394682447,2.926224073910099,1.04429382151111,0.8439091606990418,1.4679534992611456
poisson_odds_implicit,2022,64,0.53125,1.005062094143132,0.5851888163670635,2.9591714505820903,1.0548281046641983,0.8376073651131124,1.4236600358366875
baseline_market_1x2,2026,8,0.375,1.2121167585187729,0.7392910903059704,NA,NA,NA,NA
poisson_hybrid_odds_ratings,2026,12,0.5,1.035307652235667,0.6396597330753927,3.1681369121918115,1.3079660770221164,0.6957275559624151,1.5945011937767095
poisson_hybrid_v2_total_dc_tail,2026,12,0.5,1.0415781134440072,0.6428315737666171,3.1031308087050067,1.270542498581315,0.6849947192343879,1.5375869800109996
poisson_odds_implicit,2026,8,0.375,1.1937312553612949,0.7377291216821935,3.6559482909883902,1.504291204237576,0.9441768672162902,1.820207727449874
