model,year,evaluated_matches,result_accuracy,result_log_loss,result_brier,score_log_loss,goals_a_mae,goals_b_mae,total_goals_mae
baseline_market_1x2,2022,64,0.53125,0.998423930252544,0.5835708079860928,NA,NA,NA,NA
baseline_market_1x2,2026,8,0.375,1.2121167585187727,0.7392910903059704,NA,NA,NA,NA
poisson_hybrid_odds_ratings,2022,64,0.53125,0.9966012257950302,0.5823633270396134,2.9430983101252695,1.0466013871498714,0.8373441203502549,1.4531663126952454
poisson_hybrid_odds_ratings,2026,12,0.5,1.035307652235667,0.6396597330753927,3.1681369121918115,1.3079660770221164,0.6957275559624151,1.5945011937767095
poisson_odds_implicit,2022,64,0.53125,1.0050620941431319,0.5851888163670635,2.9591714505820903,1.0548281046641985,0.8376073651131124,1.4236600358366875
poisson_odds_implicit,2026,8,0.375,1.1937312553612949,0.7377291216821935,3.6559482909883902,1.504291204237576,0.9441768672162902,1.820207727449874
