train_rows,fallback_draw_rate,fallback_total_goals
4572,0.22922134733158356,2.7193788276465383
